x,y,score,pvalue,x raw,y raw
lh_G_temporal_inf,lh_S_temporal_inf,0.74950117903138000000,0.00000000000000000000,G_temporal_inf,S_temporal_inf
lh_G_oc-temp_lat-fusifor,lh_S_oc-temp_lat,0.74315254852167600000,0.00000000000000000000,G_oc-temp_lat-fusifor,S_oc-temp_lat
lh_G_and_S_cingul-Mid-Ant,lh_S_front_sup,0.72686861690345700000,0.00000000000000000000,G_and_S_cingul-Mid-Ant,S_front_sup
lh_G_temporal_middle,lh_S_temporal_inf,0.71558135316524500000,0.00000000000000000000,G_temporal_middle,S_temporal_inf
lh_G_front_middle,lh_S_front_sup,0.70690219216644100000,0.00000000000000000000,G_front_middle,S_front_sup
lh_G_pariet_inf-Supramar,lh_Lat_Fis-post,0.70409505310258700000,0.00000000000000000000,G_pariet_inf-Supramar,Lat_Fis-post
lh_G_temporal_inf,lh_G_temporal_middle,0.69254489388717500000,0.00000000000000000000,G_temporal_inf,G_temporal_middle
lh_G_front_middle,lh_S_front_inf,0.69109377834210000000,0.00000000000000000000,G_front_middle,S_front_inf
lh_G_and_S_cingul-Mid-Post,lh_S_precentral-sup-part,0.68557936352230000000,0.00000000000000000000,G_and_S_cingul-Mid-Post,S_precentral-sup-part
lh_G_occipital_middle,lh_S_oc_middle_and_Lunatus,0.67377905189568600000,0.00000000000000000000,G_occipital_middle,S_oc_middle_and_Lunatus
rh_G_temp_sup-Lateral,rh_G_temp_sup-Plan_polar,0.66225285688372900000,0.00000000000000000000,G_temp_sup-Lateral,G_temp_sup-Plan_polar
lh_G_precuneus,rh_G_precuneus,0.66225285688372900000,0.00000000000000000000,G_precuneus,G_precuneus
lh_S_oc-temp_lat,lh_S_temporal_inf,0.65880645746417500000,0.00000000000000000000,S_oc-temp_lat,S_temporal_inf
rh_G_temporal_inf,rh_S_temporal_inf,0.65826228913477200000,0.00000000000000000000,G_temporal_inf,S_temporal_inf
lh_G_oc-temp_lat-fusifor,lh_G_temporal_inf,0.65753673136223400000,0.00000000000000000000,G_oc-temp_lat-fusifor,G_temporal_inf
lh_G_oc-temp_lat-fusifor,lh_S_temporal_inf,0.65699256303283100000,0.00000000000000000000,G_oc-temp_lat-fusifor,S_temporal_inf
lh_G_pariet_inf-Supramar,lh_G_temp_sup-Plan_tempo,0.65596371882086100000,0.00000000000000000000,G_pariet_inf-Supramar,G_temp_sup-Plan_tempo
lh_G_front_middle,lh_S_front_middle,0.65548047774989000000,0.00000000000000000000,G_front_middle,S_front_middle
rh_G_temp_sup-G_T_transv,rh_S_temporal_transverse,0.64931295699618900000,0.00000000000000000000,G_temp_sup-G_T_transv,S_temporal_transverse
rh_G_occipital_middle,rh_S_oc_middle_and_Lunatus,0.64921051403219700000,0.00000000000000000000,G_occipital_middle,S_oc_middle_and_Lunatus
lh_G_temp_sup-G_T_transv,lh_S_temporal_transverse,0.64913155932696300000,0.00000000000000000000,G_temp_sup-G_T_transv,S_temporal_transverse
lh_G_precentral,lh_S_central,0.64437690566380400000,0.00000000000000000000,G_precentral,S_central
lh_G_temporal_inf,lh_S_oc-temp_lat,0.64230001813894400000,0.00000000000000000000,G_temporal_inf,S_oc-temp_lat
lh_G_rectus,rh_G_rectus,0.64193723925267500000,0.00000000000000000000,G_rectus,G_rectus
rh_G_temporal_middle,rh_S_temporal_inf,0.64084890259386900000,0.00000000000000000000,G_temporal_middle,S_temporal_inf
lh_G_Ins_lg_and_S_cent_ins,lh_S_circular_insula_inf,0.63830945038998700000,0.00000000000000000000,G_Ins_lg_and_S_cent_ins,S_circular_insula_inf
lh_G_cuneus,rh_G_cuneus,0.63558860874297100000,0.00000000000000000000,G_cuneus,G_cuneus
lh_G_front_middle,lh_G_front_sup,0.63232359876655100000,0.00000000000000000000,G_front_middle,G_front_sup
lh_G_precentral,lh_S_precentral-sup-part,0.63115884168972100000,0.00000000000000000000,G_precentral,S_precentral-sup-part
lh_G_and_S_frontomargin,lh_G_and_S_transv_frontopol,0.62720740218258900000,0.00000000000000000000,G_and_S_frontomargin,G_and_S_transv_frontopol
lh_G_and_S_occipital_inf,lh_S_collat_transv_post,0.62458565213455100000,0.00000000000000000000,G_and_S_occipital_inf,S_collat_transv_post
lh_G_cingul-Post-dorsal,rh_G_cingul-Post-dorsal,0.62452385271177200000,0.00000000000000000000,G_cingul-Post-dorsal,G_cingul-Post-dorsal
lh_G_cuneus,lh_S_oc_sup_and_transversal,0.62233514052984000000,0.00000000000000000000,G_cuneus,S_oc_sup_and_transversal
rh_G_rectus,rh_S_suborbital,0.62107745329221800000,0.00000000000000000000,G_rectus,S_suborbital
lh_S_front_inf,lh_S_precentral-inf-part,0.61881868268425400000,0.00000000000000000000,S_front_inf,S_precentral-inf-part
lh_G_postcentral,lh_S_postcentral,0.61642531210842800000,0.00000000000000000000,G_postcentral,S_postcentral
lh_G_and_S_cingul-Ant,lh_S_suborbital,0.61309631779430400000,0.00000000000000000000,G_and_S_cingul-Ant,S_suborbital
lh_G_postcentral,lh_S_central,0.61208931848857800000,0.00000000000000000000,G_postcentral,S_central
lh_S_orbital-H_Shaped,lh_S_suborbital,0.61200798113549700000,0.00000000000000000000,S_orbital-H_Shaped,S_suborbital
lh_G_rectus,lh_S_suborbital,0.61128242336296000000,0.00000000000000000000,G_rectus,S_suborbital
rh_G_temp_sup-Plan_polar,rh_Pole_temporal,0.61037547614728800000,0.00000000000000000000,G_temp_sup-Plan_polar,Pole_temporal
lh_G_pariet_inf-Angular,lh_S_intrapariet_and_P_trans,0.61028345289607300000,0.00000000000000000000,G_pariet_inf-Angular,S_intrapariet_and_P_trans
lh_G_front_inf-Triangul,lh_Lat_Fis-ant-Vertical,0.61019408670415300000,0.00000000000000000000,G_front_inf-Triangul,Lat_Fis-ant-Vertical
lh_G_temp_sup-Plan_tempo,lh_Lat_Fis-post,0.60976826510481600000,0.00000000000000000000,G_temp_sup-Plan_tempo,Lat_Fis-post
rh_G_oc-temp_lat-fusifor,rh_S_oc-temp_med_and_Lingual,0.60783602394340600000,0.00000000000000000000,G_oc-temp_lat-fusifor,S_oc-temp_med_and_Lingual
lh_G_and_S_subcentral,lh_S_circular_insula_sup,0.60746519678797700000,0.00000000000000000000,G_and_S_subcentral,S_circular_insula_sup
rh_G_occipital_middle,rh_S_occipital_ant,0.60722869773564600000,0.00000000000000000000,G_occipital_middle,S_occipital_ant
lh_S_orbital_lateral,lh_S_orbital-H_Shaped,0.60692907672773400000,0.00000000000000000000,S_orbital_lateral,S_orbital-H_Shaped
lh_S_central,lh_S_precentral-sup-part,0.60635957479069600000,0.00000000000000000000,S_central,S_precentral-sup-part
lh_G_postcentral,lh_G_precentral,0.60619813393936500000,0.00000000000000000000,G_postcentral,G_precentral
lh_G_and_S_cingul-Ant,rh_G_and_S_cingul-Ant,0.60402684563758300000,0.00000000000000000000,G_and_S_cingul-Ant,G_and_S_cingul-Ant
lh_S_front_inf,lh_S_front_sup,0.60307678353395800000,0.00000000000000000000,S_front_inf,S_front_sup
lh_G_and_S_subcentral,lh_G_temp_sup-G_T_transv,0.60220418716968500000,0.00000000000000000000,G_and_S_subcentral,G_temp_sup-G_T_transv
lh_G_temp_sup-Lateral,lh_G_temp_sup-Plan_polar,0.60094322510429800000,0.00000000000000000000,G_temp_sup-Lateral,G_temp_sup-Plan_polar
lh_G_and_S_subcentral,lh_G_temp_sup-Plan_tempo,0.59687953801449700000,0.00000000000000000000,G_and_S_subcentral,G_temp_sup-Plan_tempo
lh_G_and_S_cingul-Mid-Ant,lh_G_front_middle,0.59187375294757800000,0.00000000000000000000,G_and_S_cingul-Mid-Ant,G_front_middle
lh_G_front_sup,lh_S_front_sup,0.59055238983528500000,0.00000000000000000000,G_front_sup,S_front_sup
lh_G_and_S_cingul-Mid-Ant,lh_S_front_inf,0.58987846907309900000,0.00000000000000000000,G_and_S_cingul-Mid-Ant,S_front_inf
lh_Lat_Fis-post,lh_S_precentral-inf-part,0.58978320197179600000,0.00000000000000000000,Lat_Fis-post,S_precentral-inf-part
lh_G_temporal_middle,lh_S_oc-temp_lat,0.58842735352802400000,0.00000000000000000000,G_temporal_middle,S_oc-temp_lat
lh_G_occipital_middle,lh_S_oc_sup_and_transversal,0.58821395091783200000,0.00000000000000000000,G_occipital_middle,S_oc_sup_and_transversal
lh_G_and_S_cingul-Mid-Ant,lh_G_and_S_cingul-Mid-Post,0.58764818260081000000,0.00000000000000000000,G_and_S_cingul-Mid-Ant,G_and_S_cingul-Mid-Post
rh_G_temp_sup-Lateral,rh_S_temporal_sup,0.58697623798294900000,0.00000000000000000000,G_temp_sup-Lateral,S_temporal_sup
lh_G_cingul-Post-dorsal,lh_S_subparietal,0.58678398656434500000,0.00000000000000000000,G_cingul-Post-dorsal,S_subparietal
rh_G_occipital_middle,rh_S_oc_sup_and_transversal,0.58667646619657800000,0.00000000000000000000,G_occipital_middle,S_oc_sup_and_transversal
lh_G_front_inf-Opercular,lh_S_circular_insula_sup,0.58570651188100800000,0.00000000000000000000,G_front_inf-Opercular,S_circular_insula_sup
lh_G_orbital,lh_G_rectus,0.58226011246145400000,0.00000000000000000000,G_orbital,G_rectus
lh_G_oc-temp_lat-fusifor,lh_S_oc-temp_med_and_Lingual,0.58153455468891700000,0.00000000000000000000,G_oc-temp_lat-fusifor,S_oc-temp_med_and_Lingual
rh_S_oc_middle_and_Lunatus,rh_S_occipital_ant,0.58056917746677700000,0.00000000000000000000,S_oc_middle_and_Lunatus,S_occipital_ant
lh_S_oc-temp_lat,lh_S_oc-temp_med_and_Lingual,0.58044621803011000000,0.00000000000000000000,S_oc-temp_lat,S_oc-temp_med_and_Lingual
lh_G_oc-temp_med-Lingual,lh_S_collat_transv_post,0.57925360947949300000,0.00000000000000000000,G_oc-temp_med-Lingual,S_collat_transv_post
rh_G_pariet_inf-Angular,rh_S_intrapariet_and_P_trans,0.57771328032591100000,0.00000000000000000000,G_pariet_inf-Angular,S_intrapariet_and_P_trans
lh_G_precentral,lh_S_precentral-inf-part,0.57770319171526900000,0.00000000000000000000,G_precentral,S_precentral-inf-part
lh_G_and_S_paracentral,rh_G_and_S_paracentral,0.57724945059705100000,0.00000000000000000000,G_and_S_paracentral,G_and_S_paracentral
lh_G_rectus,lh_S_orbital-H_Shaped,0.57699981861055600000,0.00000000000000000000,G_rectus,S_orbital-H_Shaped
lh_Lat_Fis-ant-Horizont,lh_S_orbital_lateral,0.57627426083801900000,0.00000000000000000000,Lat_Fis-ant-Horizont,S_orbital_lateral
lh_G_and_S_cingul-Mid-Post,lh_G_precentral,0.57529281473501700000,0.00000000000000000000,G_and_S_cingul-Mid-Post,G_precentral
lh_G_occipital_sup,lh_S_oc_sup_and_transversal,0.57488386308814300000,0.00000000000000000000,G_occipital_sup,S_oc_sup_and_transversal
lh_G_temp_sup-Plan_tempo,lh_S_circular_insula_sup,0.57348873125952000000,0.00000000000000000000,G_temp_sup-Plan_tempo,S_circular_insula_sup
lh_G_and_S_cingul-Ant,lh_S_orbital-H_Shaped,0.57264647197533100000,0.00000000000000000000,G_and_S_cingul-Ant,S_orbital-H_Shaped
lh_G_precentral,lh_S_postcentral,0.57229744350020200000,0.00000000000000000000,G_precentral,S_postcentral
lh_S_circular_insula_sup,lh_S_front_inf,0.57155813531652400000,0.00000000000000000000,S_circular_insula_sup,S_front_inf
lh_Pole_occipital,rh_Pole_occipital,0.56931506594161100000,0.00000000000000000000,Pole_occipital,Pole_occipital
rh_G_postcentral,rh_G_precentral,0.56829312534010500000,0.00000000000000000000,G_postcentral,G_precentral
lh_G_front_inf-Orbital,lh_Lat_Fis-ant-Horizont,0.56793034645383600000,0.00000000000000000000,G_front_inf-Orbital,Lat_Fis-ant-Horizont
lh_G_and_S_cingul-Mid-Post,rh_G_and_S_cingul-Mid-Post,0.56731873195948400000,0.00000000000000000000,G_and_S_cingul-Mid-Post,G_and_S_cingul-Mid-Post
lh_G_and_S_cingul-Ant,lh_S_front_middle,0.56641422215968700000,0.00000000000000000000,G_and_S_cingul-Ant,S_front_middle
lh_G_oc-temp_med-Parahip,lh_S_collat_transv_ant,0.56539089424995400000,0.00000000000000000000,G_oc-temp_med-Parahip,S_collat_transv_ant
lh_G_and_S_subcentral,lh_G_pariet_inf-Supramar,0.56494920406600100000,0.00000000000000000000,G_and_S_subcentral,G_pariet_inf-Supramar
lh_G_Ins_lg_and_S_cent_ins,lh_G_temp_sup-G_T_transv,0.56466533647741600000,0.00000000000000000000,G_Ins_lg_and_S_cent_ins,G_temp_sup-G_T_transv
lh_S_suborbital,rh_G_and_S_cingul-Ant,0.56393977870487900000,0.00000000000000000000,S_suborbital,G_and_S_cingul-Ant
lh_S_central,lh_S_postcentral,0.56157237675770700000,0.00000000000000000000,S_central,S_postcentral
lh_G_oc-temp_lat-fusifor,lh_G_temporal_middle,0.56121893705786300000,0.00000000000000000000,G_oc-temp_lat-fusifor,G_temporal_middle
lh_G_pariet_inf-Supramar,lh_S_precentral-inf-part,0.56104537139477900000,0.00000000000000000000,G_pariet_inf-Supramar,S_precentral-inf-part
rh_G_temp_sup-Lateral,rh_G_temporal_middle,0.56049337928532500000,0.00000000000000000000,G_temp_sup-Lateral,G_temporal_middle
lh_Lat_Fis-ant-Vertical,lh_S_circular_insula_sup,0.56031198984219100000,0.00000000000000000000,Lat_Fis-ant-Vertical,S_circular_insula_sup
lh_G_front_inf-Triangul,lh_Lat_Fis-ant-Horizont,0.55922365318338400000,0.00000000000000000000,G_front_inf-Triangul,Lat_Fis-ant-Horizont
rh_G_temporal_inf,rh_S_oc-temp_lat,0.55795392708144300000,0.00000000000000000000,G_temporal_inf,S_oc-temp_lat
lh_G_and_S_cingul-Mid-Ant,rh_G_and_S_cingul-Mid-Ant,0.55685065597751100000,0.00000000000000000000,G_and_S_cingul-Mid-Ant,G_and_S_cingul-Mid-Ant
lh_G_front_sup,rh_G_front_sup,0.55632142209323400000,0.00000000000000000000,G_front_sup,G_front_sup
lh_G_oc-temp_med-Lingual,lh_S_calcarine,0.55595864320696500000,0.00000000000000000000,G_oc-temp_med-Lingual,S_calcarine
lh_G_and_S_occipital_inf,lh_S_oc-temp_med_and_Lingual,0.55544111432669300000,0.00000000000000000000,G_and_S_occipital_inf,S_oc-temp_med_and_Lingual
lh_Lat_Fis-post,lh_S_circular_insula_sup,0.55541447487756200000,0.00000000000000000000,Lat_Fis-post,S_circular_insula_sup
rh_G_temporal_middle,rh_S_temporal_sup,0.55450752766188900000,0.00000000000000000000,G_temporal_middle,S_temporal_sup
lh_G_and_S_cingul-Mid-Post,lh_S_central,0.55449144475203300000,0.00000000000000000000,G_and_S_cingul-Mid-Post,S_central
lh_G_rectus,rh_S_suborbital,0.55396335933248600000,0.00000000000000000000,G_rectus,S_suborbital
rh_G_pariet_inf-Supramar,rh_S_postcentral,0.54979140214039500000,0.00000000000000000000,G_pariet_inf-Supramar,S_postcentral
lh_G_front_middle,lh_S_precentral-inf-part,0.54895205721990200000,0.00000000000000000000,G_front_middle,S_precentral-inf-part
lh_G_temp_sup-Lateral,lh_G_temporal_middle,0.54870306548158800000,0.00000000000000000000,G_temp_sup-Lateral,G_temporal_middle
rh_G_temp_sup-G_T_transv,rh_Lat_Fis-post,0.54761472882278200000,0.00000000000000000000,G_temp_sup-G_T_transv,Lat_Fis-post
lh_G_temp_sup-Plan_tempo,rh_G_occipital_middle,0.54748299319727800000,0.00000000000000000000,G_temp_sup-Plan_tempo,G_occipital_middle
lh_G_front_inf-Triangul,lh_S_front_inf,0.54634500272084100000,0.00000000000000000000,G_front_inf-Triangul,S_front_inf
lh_G_orbital,lh_S_orbital-H_Shaped,0.54561944494830300000,0.00000000000000000000,G_orbital,S_orbital-H_Shaped
rh_G_temporal_inf,rh_G_temporal_middle,0.54543805550516900000,0.00000000000000000000,G_temporal_inf,G_temporal_middle
lh_S_front_sup,lh_S_precentral-inf-part,0.54496755387756400000,0.00000000000000000000,S_front_sup,S_precentral-inf-part
lh_Lat_Fis-ant-Horizont,lh_S_orbital-H_Shaped,0.54453110828949700000,0.00000000000000000000,Lat_Fis-ant-Horizont,S_orbital-H_Shaped
lh_G_cuneus,lh_G_occipital_sup,0.54446426363366700000,0.00000000000000000000,G_cuneus,G_occipital_sup
lh_S_intrapariet_and_P_trans,lh_S_subparietal,0.54412583991522000000,0.00000000000000000000,S_intrapariet_and_P_trans,S_subparietal
lh_G_front_inf-Opercular,lh_Lat_Fis-ant-Vertical,0.54398693996009400000,0.00000000000000000000,G_front_inf-Opercular,Lat_Fis-ant-Vertical
lh_G_front_sup,rh_G_and_S_cingul-Mid-Ant,0.54360742486939600000,0.00000000000000000000,G_front_sup,G_and_S_cingul-Mid-Ant
lh_G_front_inf-Opercular,lh_G_temp_sup-Plan_tempo,0.54337671816792400000,0.00000000000000000000,G_front_inf-Opercular,G_temp_sup-Plan_tempo
lh_G_front_inf-Orbital,lh_G_front_inf-Triangul,0.54326138218755600000,0.00000000000000000000,G_front_inf-Orbital,G_front_inf-Triangul
lh_G_postcentral,lh_S_precentral-sup-part,0.54310579016492600000,0.00000000000000000000,G_postcentral,S_precentral-sup-part
lh_G_front_inf-Opercular,lh_S_front_inf,0.54289860330128700000,0.00000000000000000000,G_front_inf-Opercular,S_front_inf
lh_G_front_inf-Triangul,lh_S_orbital_lateral,0.54181026664248100000,0.00000000000000000000,G_front_inf-Triangul,S_orbital_lateral
lh_S_circular_insula_sup,lh_S_precentral-inf-part,0.54096730002397600000,0.00000000000000000000,S_circular_insula_sup,S_precentral-inf-part
lh_G_precentral,lh_S_front_sup,0.54034681699551200000,0.00000000000000000000,G_precentral,S_front_sup
lh_S_suborbital,rh_S_suborbital,0.53999637221113700000,0.00000000000000000000,S_suborbital,S_suborbital
lh_S_calcarine,rh_G_oc-temp_med-Lingual,0.53890803555233000000,0.00000000000000000000,S_calcarine,G_oc-temp_med-Lingual
lh_G_Ins_lg_and_S_cent_ins,lh_G_insular_short,0.53872664610919600000,0.00000000000000000000,G_Ins_lg_and_S_cent_ins,G_insular_short
lh_G_and_S_cingul-Mid-Ant,lh_S_precentral-inf-part,0.53860816721608900000,0.00000000000000000000,G_and_S_cingul-Mid-Ant,S_precentral-inf-part
lh_G_temp_sup-G_T_transv,lh_G_temp_sup-Plan_tempo,0.53811618576035600000,0.00000000000000000000,G_temp_sup-G_T_transv,G_temp_sup-Plan_tempo
lh_G_cuneus,lh_S_parieto_occipital,0.53800108833665800000,0.00000000000000000000,G_cuneus,S_parieto_occipital
rh_G_temp_sup-Plan_polar,rh_G_temporal_middle,0.53546163613277700000,0.00000000000000000000,G_temp_sup-Plan_polar,G_temporal_middle
rh_G_Ins_lg_and_S_cent_ins,rh_G_temp_sup-G_T_transv,0.53546163613277700000,0.00000000000000000000,G_Ins_lg_and_S_cent_ins,G_temp_sup-G_T_transv
rh_G_postcentral,rh_S_central,0.53437329947397000000,0.00000000000000000000,G_postcentral,S_central
rh_G_pariet_inf-Supramar,rh_S_central,0.53274079448576000000,0.00000000000000000000,G_pariet_inf-Supramar,S_central
lh_G_front_middle,lh_S_orbital-H_Shaped,0.53255940504262600000,0.00000000000000000000,G_front_middle,S_orbital-H_Shaped
lh_G_temp_sup-Plan_polar,lh_Pole_temporal,0.53255940504262600000,0.00000000000000000000,G_temp_sup-Plan_polar,Pole_temporal
rh_G_Ins_lg_and_S_cent_ins,rh_G_insular_short,0.53255940504262600000,0.00000000000000000000,G_Ins_lg_and_S_cent_ins,G_insular_short
lh_G_and_S_frontomargin,lh_G_and_S_cingul-Ant,0.53237801559949200000,0.00000000000000000000,G_and_S_frontomargin,G_and_S_cingul-Ant
lh_G_front_inf-Orbital,lh_G_orbital,0.53201523671322300000,0.00000000000000000000,G_front_inf-Orbital,G_orbital
lh_G_and_S_cingul-Mid-Ant,lh_G_front_sup,0.52965717395247500000,0.00000000000000000000,G_and_S_cingul-Mid-Ant,G_front_sup
lh_S_orbital-H_Shaped,rh_G_and_S_cingul-Ant,0.52965717395247500000,0.00000000000000000000,S_orbital-H_Shaped,G_and_S_cingul-Ant
rh_Lat_Fis-post,rh_S_temporal_transverse,0.52922769996825900000,0.00000000000000000000,Lat_Fis-post,S_temporal_transverse
rh_G_temporal_middle,rh_Pole_temporal,0.52893161617993800000,0.00000000000000000000,G_temporal_middle,Pole_temporal
rh_G_Ins_lg_and_S_cent_ins,rh_S_circular_insula_inf,0.52838744785053500000,0.00000000000000000000,G_Ins_lg_and_S_cent_ins,S_circular_insula_inf
lh_G_temp_sup-G_T_transv,lh_S_circular_insula_sup,0.52784327952113100000,0.00000000000000000000,G_temp_sup-G_T_transv,S_circular_insula_sup
lh_S_front_inf,lh_S_orbital-H_Shaped,0.52657355341919100000,0.00000000000000000000,S_front_inf,S_orbital-H_Shaped
rh_S_central,rh_S_postcentral,0.52657355341919100000,0.00000000000000000000,S_central,S_postcentral
lh_G_rectus,lh_S_orbital_med-olfact,0.52621077453292200000,0.00000000000000000000,G_rectus,S_orbital_med-olfact
lh_G_and_S_frontomargin,lh_S_orbital_lateral,0.52566660620351800000,0.00000000000000000000,G_and_S_frontomargin,S_orbital_lateral
lh_G_and_S_cingul-Ant,lh_S_orbital_lateral,0.52566660620351800000,0.00000000000000000000,G_and_S_cingul-Ant,S_orbital_lateral
lh_G_front_sup,lh_S_front_middle,0.52360437222223800000,0.00000000000000000000,G_front_sup,S_front_middle
lh_S_front_sup,rh_G_front_sup,0.52357411049020400000,0.00000000000000000000,S_front_sup,G_front_sup
rh_G_temp_sup-Plan_tempo,rh_Lat_Fis-post,0.52330854344277100000,0.00000000000000000000,G_temp_sup-Plan_tempo,Lat_Fis-post
lh_G_and_S_subcentral,lh_S_precentral-inf-part,0.52280051641088100000,0.00000000000000000000,G_and_S_subcentral,S_precentral-inf-part
rh_S_oc_middle_and_Lunatus,rh_S_oc_sup_and_transversal,0.52147852147852100000,0.00000000000000000000,S_oc_middle_and_Lunatus,S_oc_sup_and_transversal
rh_G_front_inf-Opercular,rh_G_Ins_lg_and_S_cent_ins,0.52131325956829300000,0.00000000000000000000,G_front_inf-Opercular,G_Ins_lg_and_S_cent_ins
lh_S_front_sup,rh_G_and_S_cingul-Mid-Ant,0.52119459485775700000,0.00000000000000000000,S_front_sup,G_and_S_cingul-Mid-Ant
lh_S_collat_transv_post,rh_G_and_S_occipital_inf,0.52078893042234000000,0.00000000000000000001,S_collat_transv_post,G_and_S_occipital_inf
rh_G_temp_sup-Lateral,rh_Pole_temporal,0.52076909123888900000,0.00000000000000000000,G_temp_sup-Lateral,Pole_temporal
lh_G_pariet_inf-Supramar,lh_S_circular_insula_sup,0.52070200951461400000,0.00000000000000000000,G_pariet_inf-Supramar,S_circular_insula_sup
lh_Lat_Fis-post,rh_G_occipital_middle,0.52052061184538800000,0.00000000000000000000,Lat_Fis-post,G_occipital_middle
lh_S_front_middle,lh_S_front_sup,0.51978590994860800000,0.00000000000000000001,S_front_middle,S_front_sup
lh_G_temporal_middle,lh_S_temporal_sup,0.51968075458008300000,0.00000000000000000001,G_temporal_middle,S_temporal_sup
lh_G_occipital_middle,lh_G_occipital_sup,0.51963374062992900000,0.00000000000000000001,G_occipital_middle,G_occipital_sup
lh_G_and_S_cingul-Mid-Ant,lh_G_precentral,0.51929793215039100000,0.00000000000000000001,G_and_S_cingul-Mid-Ant,G_precentral
lh_G_oc-temp_med-Lingual,rh_S_occipital_ant,0.51786686014873900000,0.00000000000000000001,G_oc-temp_med-Lingual,S_occipital_ant
lh_G_pariet_inf-Supramar,lh_G_precentral,0.51750725902320800000,0.00000000000000000001,G_pariet_inf-Supramar,G_precentral
lh_G_and_S_frontomargin,lh_S_front_middle,0.51634846545317900000,0.00000000000000000001,G_and_S_frontomargin,S_front_middle
lh_G_temp_sup-Plan_tempo,lh_Lat_Fis-ant-Vertical,0.51616706778395200000,0.00000000000000000001,G_temp_sup-Plan_tempo,Lat_Fis-ant-Vertical
lh_G_front_inf-Orbital,lh_S_orbital_lateral,0.51532740794485700000,0.00000000000000000001,G_front_inf-Orbital,S_orbital_lateral
lh_G_and_S_occipital_inf,rh_G_and_S_occipital_inf,0.51460370886182800000,0.00000000000000000002,G_and_S_occipital_inf,G_and_S_occipital_inf
lh_G_front_middle,lh_G_precentral,0.51439975078163600000,0.00000000000000000001,G_front_middle,G_precentral
lh_G_cuneus,rh_G_oc-temp_med-Lingual,0.51369490295664700000,0.00000000000000000001,G_cuneus,G_oc-temp_med-Lingual
lh_S_front_inf,lh_S_front_middle,0.51308330740710200000,0.00000000000000000002,S_front_inf,S_front_middle
lh_G_front_inf-Triangul,lh_S_circular_insula_sup,0.51260656629784100000,0.00000000000000000002,G_front_inf-Triangul,S_circular_insula_sup
lh_G_and_S_cingul-Mid-Post,rh_G_and_S_cingul-Mid-Ant,0.51248078762920500000,0.00000000000000000002,G_and_S_cingul-Mid-Post,G_and_S_cingul-Mid-Ant
lh_Pole_occipital,lh_S_oc_middle_and_Lunatus,0.51203052823082600000,0.00000000000000000004,Pole_occipital,S_oc_middle_and_Lunatus
rh_G_rectus,rh_S_orbital_med-olfact,0.51188100852530300000,0.00000000000000000002,G_rectus,S_orbital_med-olfact
lh_G_front_middle,rh_G_front_sup,0.51115545075276600000,0.00000000000000000002,G_front_middle,G_front_sup
lh_G_temp_sup-G_T_transv,lh_S_circular_insula_inf,0.51024850353709400000,0.00000000000000000003,G_temp_sup-G_T_transv,S_circular_insula_inf
lh_S_circular_insula_sup,rh_G_occipital_middle,0.51018094469947800000,0.00000000000000000003,S_circular_insula_sup,G_occipital_middle
lh_G_pariet_inf-Supramar,lh_S_central,0.51013836648943800000,0.00000000000000000003,G_pariet_inf-Supramar,S_central
rh_G_and_S_cingul-Ant,rh_S_suborbital,0.50916016687828700000,0.00000000000000000003,G_and_S_cingul-Ant,S_suborbital
lh_G_and_S_cingul-Mid-Ant,rh_G_front_sup,0.50861599854888400000,0.00000000000000000003,G_and_S_cingul-Mid-Ant,G_front_sup
rh_G_front_inf-Opercular,rh_S_circular_insula_sup,0.50843460910575000000,0.00000000000000000004,G_front_inf-Opercular,S_circular_insula_sup
lh_G_and_S_frontomargin,lh_G_front_middle,0.50825321966261500000,0.00000000000000000004,G_and_S_frontomargin,G_front_middle
lh_G_temp_sup-Plan_tempo,lh_S_temporal_transverse,0.50757369614512400000,0.00000000000000000004,G_temp_sup-Plan_tempo,S_temporal_transverse
lh_G_occipital_sup,rh_G_cuneus,0.50665803200762700000,0.00000000000000000006,G_occipital_sup,G_cuneus
rh_G_orbital,rh_S_orbital-H_Shaped,0.50662071467440600000,0.00000000000000000005,G_orbital,S_orbital-H_Shaped
lh_G_oc-temp_med-Parahip,lh_G_temporal_inf,0.50643932523127100000,0.00000000000000000005,G_oc-temp_med-Parahip,G_temporal_inf
lh_G_and_S_cingul-Mid-Post,lh_S_front_sup,0.50458632276814100000,0.00000000000000000008,G_and_S_cingul-Mid-Post,S_front_sup
lh_G_pariet_inf-Supramar,lh_S_front_inf,0.50437621928423100000,0.00000000000000000007,G_pariet_inf-Supramar,S_front_inf
lh_G_precuneus,lh_S_cingul-Marginalis,0.50403703218422600000,0.00000000000000000008,G_precuneus,S_cingul-Marginalis
lh_G_insular_short,lh_S_circular_insula_inf,0.50389987302738900000,0.00000000000000000008,G_insular_short,S_circular_insula_inf
rh_G_and_S_cingul-Mid-Ant,rh_G_and_S_cingul-Mid-Post,0.50242641854690200000,0.00000000000000000010,G_and_S_cingul-Mid-Ant,G_and_S_cingul-Mid-Post
rh_G_temp_sup-Plan_polar,rh_S_temporal_sup,0.50172319970977600000,0.00000000000000000011,G_temp_sup-Plan_polar,S_temporal_sup
lh_G_precuneus,lh_S_intrapariet_and_P_trans,0.50156620307697200000,0.00000000000000000012,G_precuneus,S_intrapariet_and_P_trans
rh_G_and_S_frontomargin,rh_G_and_S_transv_frontopol,0.50113401112053000000,0.00000000000000000012,G_and_S_frontomargin,G_and_S_transv_frontopol
lh_G_and_S_paracentral,lh_G_postcentral,0.50111169096005600000,0.00000000000000000013,G_and_S_paracentral,G_postcentral
rh_G_and_S_paracentral,rh_S_cingul-Marginalis,0.50104351404434700000,0.00000000000000000013,G_and_S_paracentral,S_cingul-Marginalis
lh_G_precentral,lh_S_front_inf,0.50006803492490900000,0.00000000000000000014,G_precentral,S_front_inf
rh_G_Ins_lg_and_S_cent_ins,rh_S_circular_insula_sup,0.49882096861962600000,0.00000000000000000018,G_Ins_lg_and_S_cent_ins,S_circular_insula_sup
lh_G_occipital_middle,lh_Pole_occipital,0.49845890150880400000,0.00000000000000000031,G_occipital_middle,Pole_occipital
rh_G_front_inf-Opercular,rh_G_insular_short,0.49827680029022300000,0.00000000000000000019,G_front_inf-Opercular,G_insular_short
lh_S_oc_sup_and_transversal,rh_G_cuneus,0.49823099005683400000,0.00000000000000000020,S_oc_sup_and_transversal,G_cuneus
lh_G_front_inf-Opercular,rh_G_and_S_cingul-Ant,0.49809541084708800000,0.00000000000000000020,G_front_inf-Opercular,G_and_S_cingul-Ant
lh_G_and_S_transv_frontopol,lh_S_front_middle,0.49777596545958200000,0.00000000000000000023,G_and_S_transv_frontopol,S_front_middle
lh_G_and_S_occipital_inf,lh_S_occipital_ant,0.49677090706958600000,0.00000000000000000031,G_and_S_occipital_inf,S_occipital_ant
rh_G_precuneus,rh_S_subparietal,0.49646290585887900000,0.00000000000000000026,G_precuneus,S_subparietal
lh_S_oc_middle_and_Lunatus,lh_S_oc_sup_and_transversal,0.49643598346024500000,0.00000000000000000029,S_oc_middle_and_Lunatus,S_oc_sup_and_transversal
lh_G_pariet_inf-Supramar,lh_S_interm_prim-Jensen,0.49592631948949300000,0.00000000000000000042,G_pariet_inf-Supramar,S_interm_prim-Jensen
lh_G_and_S_cingul-Ant,lh_G_front_middle,0.49591873752947500000,0.00000000000000000028,G_and_S_cingul-Ant,G_front_middle
lh_G_cingul-Post-dorsal,lh_S_cingul-Marginalis,0.49550940780961900000,0.00000000000000000031,G_cingul-Post-dorsal,S_cingul-Marginalis
lh_G_subcallosal,rh_G_subcallosal,0.49537456920007200000,0.00000000000000000031,G_subcallosal,G_subcallosal
rh_G_temp_sup-G_T_transv,rh_S_precentral-inf-part,0.49519317975693800000,0.00000000000000000032,G_temp_sup-G_T_transv,S_precentral-inf-part
rh_G_temp_sup-Plan_polar,rh_S_circular_insula_inf,0.49519317975693800000,0.00000000000000000032,G_temp_sup-Plan_polar,S_circular_insula_inf
lh_G_and_S_cingul-Mid-Post,rh_G_front_sup,0.49489506404976300000,0.00000000000000000035,G_and_S_cingul-Mid-Post,G_front_sup
rh_G_temp_sup-Plan_tempo,rh_S_temporal_transverse,0.49476214281522700000,0.00000000000000000034,G_temp_sup-Plan_tempo,S_temporal_transverse
lh_G_front_inf-Opercular,lh_G_insular_short,0.49464901142753400000,0.00000000000000000035,G_front_inf-Opercular,G_insular_short
lh_G_temp_sup-Lateral,lh_S_temporal_sup,0.49464901142753400000,0.00000000000000000035,G_temp_sup-Lateral,S_temporal_sup
rh_G_and_S_cingul-Mid-Post,rh_G_front_sup,0.49392345365499700000,0.00000000000000000039,G_and_S_cingul-Mid-Post,G_front_sup
lh_S_collat_transv_post,lh_S_oc-temp_med_and_Lingual,0.49335044510139500000,0.00000000000000000064,S_collat_transv_post,S_oc-temp_med_and_Lingual
lh_G_temp_sup-Lateral,lh_S_temporal_inf,0.49283511699619000000,0.00000000000000000047,G_temp_sup-Lateral,S_temporal_inf
lh_G_pariet_inf-Supramar,rh_S_front_middle,0.49276676845373600000,0.00000000000000000048,G_pariet_inf-Supramar,S_front_middle
rh_G_and_S_subcentral,rh_G_temp_sup-G_T_transv,0.49229094866678700000,0.00000000000000000051,G_and_S_subcentral,G_temp_sup-G_T_transv
lh_Lat_Fis-post,lh_S_front_inf,0.49083983312171200000,0.00000000000000000065,Lat_Fis-post,S_front_inf
rh_G_front_middle,rh_S_front_sup,0.49065844367857700000,0.00000000000000000067,G_front_middle,S_front_sup
rh_G_pariet_inf-Supramar,rh_G_temp_sup-Plan_tempo,0.49047705423544300000,0.00000000000000000069,G_pariet_inf-Supramar,G_temp_sup-Plan_tempo
rh_S_precentral-inf-part,rh_S_temporal_transverse,0.49040859875379200000,0.00000000000000000070,S_precentral-inf-part,S_temporal_transverse
lh_S_oc-temp_med_and_Lingual,lh_S_temporal_sup,0.49029566479230900000,0.00000000000000000071,S_oc-temp_med_and_Lingual,S_temporal_sup
lh_G_temp_sup-Plan_tempo,lh_S_precentral-inf-part,0.48990521755788600000,0.00000000000000000079,G_temp_sup-Plan_tempo,S_precentral-inf-part
lh_S_temporal_inf,lh_S_temporal_sup,0.48957010701977100000,0.00000000000000000080,S_temporal_inf,S_temporal_sup
lh_S_front_sup,lh_S_precentral-sup-part,0.48924358676471600000,0.00000000000000000124,S_front_sup,S_precentral-sup-part
lh_G_front_inf-Opercular,lh_G_front_inf-Triangul,0.48793760203156100000,0.00000000000000000104,G_front_inf-Opercular,G_front_inf-Triangul
lh_G_and_S_cingul-Mid-Ant,lh_S_precentral-sup-part,0.48781712887091400000,0.00000000000000000149,G_and_S_cingul-Mid-Ant,S_precentral-sup-part
lh_G_front_inf-Triangul,lh_G_orbital,0.48775621258842700000,0.00000000000000000108,G_front_inf-Triangul,G_orbital
lh_G_orbital,lh_S_orbital_lateral,0.48775621258842700000,0.00000000000000000108,G_orbital,S_orbital_lateral
rh_G_temporal_inf,rh_S_occipital_ant,0.48775621258842700000,0.00000000000000000108,G_temporal_inf,S_occipital_ant
rh_G_and_S_cingul-Mid-Ant,rh_G_front_sup,0.48755046031586900000,0.00000000000000000112,G_and_S_cingul-Mid-Ant,G_front_sup
lh_G_temp_sup-Lateral,lh_Pole_temporal,0.48721204425902400000,0.00000000000000000117,G_temp_sup-Lateral,Pole_temporal
lh_Lat_Fis-ant-Vertical,lh_S_front_inf,0.48703065481588900000,0.00000000000000000121,Lat_Fis-ant-Vertical,S_front_inf
lh_S_circular_insula_sup,rh_G_temporal_middle,0.48666787592962000000,0.00000000000000000128,S_circular_insula_sup,G_temporal_middle
lh_S_parieto_occipital,rh_G_cuneus,0.48666787592962000000,0.00000000000000000128,S_parieto_occipital,G_cuneus
rh_G_occipital_sup,rh_S_oc_sup_and_transversal,0.48472352138045100000,0.00000000000000000236,G_occipital_sup,S_oc_sup_and_transversal
lh_G_and_S_frontomargin,lh_S_suborbital,0.48467259205514200000,0.00000000000000000177,G_and_S_frontomargin,S_suborbital
lh_G_front_inf-Opercular,rh_G_occipital_middle,0.48442247566931800000,0.00000000000000000185,G_front_inf-Opercular,G_occipital_middle
rh_G_oc-temp_med-Parahip,rh_S_collat_transv_ant,0.48322147651006700000,0.00000000000000000223,G_oc-temp_med-Parahip,S_collat_transv_ant
lh_G_and_S_frontomargin,lh_G_front_sup,0.48304008706693200000,0.00000000000000000230,G_and_S_frontomargin,G_front_sup
lh_G_and_S_occipital_inf,lh_S_oc-temp_lat,0.48288553907170800000,0.00000000000000000281,G_and_S_occipital_inf,S_oc-temp_lat
rh_G_temp_sup-Lateral,rh_S_circular_insula_inf,0.48249591873752900000,0.00000000000000000251,G_temp_sup-Lateral,S_circular_insula_inf
rh_Pole_occipital,rh_S_collat_transv_post,0.48208913012776600000,0.00000000000000000455,Pole_occipital,S_collat_transv_post
lh_S_cingul-Marginalis,rh_G_cingul-Post-dorsal,0.48190149657354400000,0.00000000000000000281,S_cingul-Marginalis,G_cingul-Post-dorsal
lh_G_precentral,rh_G_front_sup,0.48156379419850200000,0.00000000000000000294,G_precentral,G_front_sup
lh_G_and_S_cingul-Ant,lh_G_rectus,0.48086341374931900000,0.00000000000000000325,G_and_S_cingul-Ant,G_rectus
rh_G_and_S_transv_frontopol,rh_S_front_middle,0.48081286367465800000,0.00000000000000000335,G_and_S_transv_frontopol,S_front_middle
lh_G_temporal_middle,lh_Pole_temporal,0.48068202430618500000,0.00000000000000000335,G_temporal_middle,Pole_temporal
lh_G_and_S_cingul-Ant,lh_S_front_inf,0.48050063486305000000,0.00000000000000000345,G_and_S_cingul-Ant,S_front_inf
rh_G_front_inf-Opercular,rh_G_temp_sup-G_T_transv,0.48013785597678200000,0.00000000000000000365,G_front_inf-Opercular,G_temp_sup-G_T_transv
lh_G_and_S_cingul-Ant,rh_S_suborbital,0.47995646653364700000,0.00000000000000000376,G_and_S_cingul-Ant,S_suborbital
lh_G_and_S_subcentral,lh_Lat_Fis-post,0.47956823882604600000,0.00000000000000000404,G_and_S_subcentral,Lat_Fis-post
lh_G_and_S_subcentral,lh_S_temporal_transverse,0.47949927628337900000,0.00000000000000000410,G_and_S_subcentral,S_temporal_transverse
lh_Lat_Fis-post,rh_S_front_middle,0.47941229820424400000,0.00000000000000000410,Lat_Fis-post,S_front_middle
lh_S_oc-temp_med_and_Lingual,lh_S_temporal_inf,0.47941229820424400000,0.00000000000000000410,S_oc-temp_med_and_Lingual,S_temporal_inf
lh_G_and_S_cingul-Ant,lh_Lat_Fis-ant-Horizont,0.47886812987484100000,0.00000000000000000447,G_and_S_cingul-Ant,Lat_Fis-ant-Horizont
lh_G_front_middle,lh_S_orbital_lateral,0.47868674043170600000,0.00000000000000000460,G_front_middle,S_orbital_lateral
lh_G_oc-temp_med-Parahip,lh_S_temporal_inf,0.47832396154543800000,0.00000000000000000487,G_oc-temp_med-Parahip,S_temporal_inf
lh_G_cingul-Post-ventral,rh_G_cingul-Post-ventral,0.47796118265916900000,0.00000000000000000516,G_cingul-Post-ventral,G_cingul-Post-ventral
rh_G_insular_short,rh_G_orbital,0.47777979321603400000,0.00000000000000000531,G_insular_short,G_orbital
lh_S_front_middle,lh_S_orbital-H_Shaped,0.47644097822335300000,0.00000000000000000659,S_front_middle,S_orbital-H_Shaped
lh_G_oc-temp_med-Lingual,lh_S_oc_middle_and_Lunatus,0.47614746337352400000,0.00000000000000000736,G_oc-temp_med-Lingual,S_oc_middle_and_Lunatus
rh_G_and_S_subcentral,rh_G_front_inf-Opercular,0.47596589878469000000,0.00000000000000000708,G_and_S_subcentral,G_front_inf-Opercular
lh_G_front_inf-Triangul,lh_G_temp_sup-G_T_transv,0.47542173045528700000,0.00000000000000000772,G_front_inf-Triangul,G_temp_sup-G_T_transv
rh_G_Ins_lg_and_S_cent_ins,rh_Lat_Fis-post,0.47451478323961500000,0.00000000000000000890,G_Ins_lg_and_S_cent_ins,Lat_Fis-post
rh_Lat_Fis-ant-Vertical,rh_S_circular_insula_sup,0.47433339379648100000,0.00000000000000000916,Lat_Fis-ant-Vertical,S_circular_insula_sup
lh_G_front_middle,lh_Lat_Fis-ant-Vertical,0.47378922546707700000,0.00000000000000000998,G_front_middle,Lat_Fis-ant-Vertical
rh_G_Ins_lg_and_S_cent_ins,rh_G_orbital,0.47360783602394300000,0.00000000000000001027,G_Ins_lg_and_S_cent_ins,G_orbital
lh_G_temp_sup-Plan_tempo,lh_S_interm_prim-Jensen,0.47349199168618000000,0.00000000000000001497,G_temp_sup-Plan_tempo,S_interm_prim-Jensen
lh_S_suborbital,rh_G_rectus,0.47342644658080800000,0.00000000000000001056,S_suborbital,G_rectus
rh_G_and_S_subcentral,rh_S_temporal_transverse,0.47335721784650200000,0.00000000000000001071,G_and_S_subcentral,S_temporal_transverse
lh_G_and_S_cingul-Mid-Post,lh_G_postcentral,0.47323740266742100000,0.00000000000000001178,G_and_S_cingul-Mid-Post,G_postcentral
rh_Pole_temporal,rh_S_temporal_sup,0.47306366769454000000,0.00000000000000001118,Pole_temporal,S_temporal_sup
lh_G_occipital_middle,lh_G_pariet_inf-Angular,0.47236096684774800000,0.00000000000000001322,G_occipital_middle,G_pariet_inf-Angular
rh_G_and_S_subcentral,rh_G_temp_sup-Plan_tempo,0.47233810992200200000,0.00000000000000001253,G_and_S_subcentral,G_temp_sup-Plan_tempo
lh_G_oc-temp_med-Lingual,rh_S_oc_middle_and_Lunatus,0.47220594503042700000,0.00000000000000001341,G_oc-temp_med-Lingual,S_oc_middle_and_Lunatus
lh_G_oc-temp_lat-fusifor,lh_G_oc-temp_med-Parahip,0.47197533103573300000,0.00000000000000001326,G_oc-temp_lat-fusifor,G_oc-temp_med-Parahip
rh_G_and_S_subcentral,rh_S_precentral-inf-part,0.47179394159259900000,0.00000000000000001364,G_and_S_subcentral,S_precentral-inf-part
lh_G_front_inf-Opercular,lh_Lat_Fis-post,0.47161255214946400000,0.00000000000000001404,G_front_inf-Opercular,Lat_Fis-post
lh_G_temp_sup-G_T_transv,lh_Lat_Fis-ant-Vertical,0.47016143660438900000,0.00000000000000001761,G_temp_sup-G_T_transv,Lat_Fis-ant-Vertical
lh_S_circular_insula_sup,rh_S_occipital_ant,0.46998004716125500000,0.00000000000000001812,S_circular_insula_sup,S_occipital_ant
lh_Lat_Fis-ant-Horizont,rh_G_and_S_cingul-Ant,0.46998004716125500000,0.00000000000000001812,Lat_Fis-ant-Horizont,G_and_S_cingul-Ant
lh_G_front_inf-Opercular,lh_S_precentral-inf-part,0.46983037227845500000,0.00000000000000001914,G_front_inf-Opercular,S_precentral-inf-part
lh_Lat_Fis-ant-Horizont,lh_S_circular_insula_sup,0.46979865771812000000,0.00000000000000001864,Lat_Fis-ant-Horizont,S_circular_insula_sup
rh_G_and_S_subcentral,rh_S_orbital-H_Shaped,0.46925448938871700000,0.00000000000000002029,G_and_S_subcentral,S_orbital-H_Shaped
rh_S_front_inf,rh_S_front_middle,0.46907309994558300000,0.00000000000000002087,S_front_inf,S_front_middle
rh_G_occipital_middle,rh_G_temporal_middle,0.46900367378506700000,0.00000000000000002116,G_occipital_middle,G_temporal_middle
rh_G_and_S_paracentral,rh_G_parietal_sup,0.46871457511928500000,0.00000000000000002299,G_and_S_paracentral,G_parietal_sup
lh_S_precentral-inf-part,rh_S_front_middle,0.46783418297947400000,0.00000000000000002611,S_precentral-inf-part,S_front_middle
lh_G_and_S_subcentral,lh_S_front_inf,0.46777632071608100000,0.00000000000000002577,G_and_S_subcentral,S_front_inf
lh_S_orbital_lateral,rh_G_and_S_cingul-Ant,0.46744059495737300000,0.00000000000000002689,S_orbital_lateral,G_and_S_cingul-Ant
lh_G_orbital,rh_G_rectus,0.46725920551423900000,0.00000000000000002766,G_orbital,G_rectus
rh_G_oc-temp_med-Parahip,rh_S_oc-temp_med_and_Lingual,0.46707781607110400000,0.00000000000000002845,G_oc-temp_med-Parahip,S_oc-temp_med_and_Lingual
rh_G_and_S_occipital_inf,rh_S_oc-temp_lat,0.46676055646578600000,0.00000000000000003131,G_and_S_occipital_inf,S_oc-temp_lat
lh_S_collat_transv_ant,lh_S_temporal_inf,0.46671503718483500000,0.00000000000000003010,S_collat_transv_ant,S_temporal_inf
lh_G_cuneus,lh_S_calcarine,0.46653364774170100000,0.00000000000000003095,G_cuneus,S_calcarine
lh_G_front_inf-Triangul,lh_G_temp_sup-Plan_tempo,0.46628270874667000000,0.00000000000000003228,G_front_inf-Triangul,G_temp_sup-Plan_tempo
lh_G_front_inf-Opercular,lh_G_front_middle,0.46617086885543200000,0.00000000000000003274,G_front_inf-Opercular,G_front_middle
lh_G_front_middle,rh_G_and_S_cingul-Ant,0.46598947941229800000,0.00000000000000003367,G_front_middle,G_and_S_cingul-Ant
lh_G_and_S_subcentral,lh_G_front_inf-Opercular,0.46487369471978200000,0.00000000000000004039,G_and_S_subcentral,G_front_inf-Opercular
lh_G_front_middle,rh_G_and_S_cingul-Mid-Ant,0.46487369471978200000,0.00000000000000004039,G_front_middle,G_and_S_cingul-Mid-Ant
lh_G_and_S_occipital_inf,lh_Pole_occipital,0.46475472295628800000,0.00000000000000007368,G_and_S_occipital_inf,Pole_occipital
lh_S_front_inf,lh_S_orbital_lateral,0.46471975331035700000,0.00000000000000004097,S_front_inf,S_orbital_lateral
lh_G_occipital_sup,lh_G_pariet_inf-Angular,0.46462393175395100000,0.00000000000000004979,G_occipital_sup,G_pariet_inf-Angular
rh_G_parietal_sup,rh_S_cingul-Marginalis,0.46432945234547600000,0.00000000000000004393,G_parietal_sup,S_cingul-Marginalis
rh_G_insular_short,rh_S_circular_insula_sup,0.46417558498095400000,0.00000000000000004456,G_insular_short,S_circular_insula_sup
lh_G_precuneus,lh_S_subparietal,0.46396662409593900000,0.00000000000000004645,G_precuneus,S_subparietal
lh_G_and_S_cingul-Mid-Ant,lh_Lat_Fis-post,0.46381280609468500000,0.00000000000000004712,G_and_S_cingul-Mid-Ant,Lat_Fis-post
lh_G_front_inf-Orbital,lh_S_orbital-H_Shaped,0.46326863776528200000,0.00000000000000005124,G_front_inf-Orbital,S_orbital-H_Shaped
lh_G_temp_sup-Lateral,lh_G_temporal_inf,0.46326863776528200000,0.00000000000000005124,G_temp_sup-Lateral,G_temporal_inf
lh_G_temporal_inf,lh_S_collat_transv_ant,0.46326863776528200000,0.00000000000000005124,G_temporal_inf,S_collat_transv_ant
lh_G_temp_sup-Plan_tempo,lh_S_front_inf,0.46247335769291400000,0.00000000000000005808,G_temp_sup-Plan_tempo,S_front_inf
lh_G_and_S_subcentral,rh_G_occipital_middle,0.46244557519725000000,0.00000000000000005887,G_and_S_subcentral,G_occipital_middle
rh_G_front_inf-Orbital,rh_Lat_Fis-ant-Horizont,0.46236169054960900000,0.00000000000000005890,G_front_inf-Orbital,Lat_Fis-ant-Horizont
lh_G_insular_short,lh_G_temp_sup-Lateral,0.46199891166334100000,0.00000000000000006227,G_insular_short,G_temp_sup-Lateral
lh_S_orbital_lateral,lh_S_suborbital,0.46199891166334100000,0.00000000000000006227,S_orbital_lateral,S_suborbital
lh_G_oc-temp_lat-fusifor,lh_S_collat_transv_ant,0.46181752222020600000,0.00000000000000006403,G_oc-temp_lat-fusifor,S_collat_transv_ant
lh_S_oc-temp_lat,lh_S_temporal_sup,0.46145474333393700000,0.00000000000000006769,S_oc-temp_lat,S_temporal_sup
lh_G_and_S_subcentral,lh_Lat_Fis-ant-Vertical,0.46088258397487100000,0.00000000000000007458,G_and_S_subcentral,Lat_Fis-ant-Vertical
lh_G_and_S_subcentral,lh_G_front_inf-Triangul,0.46070116985010200000,0.00000000000000007668,G_and_S_subcentral,G_front_inf-Triangul
lh_S_front_middle,lh_S_suborbital,0.46065938100064900000,0.00000000000000007670,S_front_middle,S_suborbital
lh_G_front_inf-Triangul,lh_G_front_middle,0.46054779611826500000,0.00000000000000007777,G_front_inf-Triangul,G_front_middle
rh_Lat_Fis-post,rh_S_circular_insula_sup,0.46054779611826500000,0.00000000000000007777,Lat_Fis-post,S_circular_insula_sup
lh_S_circular_insula_sup,rh_G_and_S_cingul-Ant,0.46000362778886200000,0.00000000000000008452,S_circular_insula_sup,G_and_S_cingul-Ant
rh_G_cuneus,rh_S_calcarine,0.46000362778886200000,0.00000000000000008452,G_cuneus,S_calcarine
lh_S_calcarine,lh_S_oc_middle_and_Lunatus,0.45980684499273600000,0.00000000000000009273,S_calcarine,S_oc_middle_and_Lunatus
lh_G_front_middle,lh_S_circular_insula_sup,0.45891529113005600000,0.00000000000000009979,G_front_middle,S_circular_insula_sup
lh_G_pariet_inf-Supramar,rh_S_intrapariet_and_P_trans,0.45863570580566800000,0.00000000000000010541,G_pariet_inf-Supramar,S_intrapariet_and_P_trans
rh_G_orbital,rh_S_orbital_med-olfact,0.45855251224378700000,0.00000000000000010546,G_orbital,S_orbital_med-olfact
lh_S_oc_middle_and_Lunatus,rh_Pole_occipital,0.45828446710477900000,0.00000000000000017008,S_oc_middle_and_Lunatus,Pole_occipital
lh_G_temp_sup-G_T_transv,rh_S_occipital_ant,0.45818973335751800000,0.00000000000000011145,G_temp_sup-G_T_transv,S_occipital_ant
rh_Lat_Fis-ant-Horizont,rh_S_orbital_lateral,0.45811981363147800000,0.00000000000000011299,Lat_Fis-ant-Horizont,S_orbital_lateral
lh_S_subparietal,rh_G_cingul-Post-dorsal,0.45779854385380300000,0.00000000000000011937,S_subparietal,G_cingul-Post-dorsal
lh_G_oc-temp_med-Lingual,lh_S_oc-temp_med_and_Lingual,0.45764556502811500000,0.00000000000000012107,G_oc-temp_med-Lingual,S_oc-temp_med_and_Lingual
lh_G_parietal_sup,lh_G_precuneus,0.45708340859593700000,0.00000000000000014029,G_parietal_sup,G_precuneus
lh_S_front_middle,lh_S_orbital_lateral,0.45666863227766600000,0.00000000000000014085,S_front_middle,S_orbital_lateral
lh_S_central,rh_S_front_middle,0.45650006226620300000,0.00000000000000014668,S_central,S_front_middle
lh_G_precentral,lh_Lat_Fis-post,0.45616581673088500000,0.00000000000000015293,G_precentral,Lat_Fis-post
lh_G_occipital_sup,rh_G_occipital_sup,0.45574405199471500000,0.00000000000000022872,G_occipital_sup,G_occipital_sup
rh_G_and_S_subcentral,rh_G_Ins_lg_and_S_cent_ins,0.45510611282423300000,0.00000000000000017792,G_and_S_subcentral,G_Ins_lg_and_S_cent_ins
lh_G_temp_sup-Lateral,lh_S_oc-temp_lat,0.45492472338109900000,0.00000000000000018286,G_temp_sup-Lateral,S_oc-temp_lat
rh_S_occipital_ant,rh_S_temporal_inf,0.45474333393796400000,0.00000000000000018794,S_occipital_ant,S_temporal_inf
rh_G_and_S_subcentral,rh_Lat_Fis-post,0.45456194449483000000,0.00000000000000019316,G_and_S_subcentral,Lat_Fis-post
rh_Pole_temporal,rh_S_temporal_inf,0.45456194449483000000,0.00000000000000019316,Pole_temporal,S_temporal_inf
lh_S_central,lh_S_precentral-inf-part,0.45407515723581800000,0.00000000000000021797,S_central,S_precentral-inf-part
lh_G_insular_short,lh_S_temporal_sup,0.45401777616542700000,0.00000000000000020970,G_insular_short,S_temporal_sup
lh_S_oc_sup_and_transversal,lh_S_parieto_occipital,0.45395991883546900000,0.00000000000000021534,S_oc_sup_and_transversal,S_parieto_occipital
rh_G_front_middle,rh_S_front_inf,0.45383638672229200000,0.00000000000000021551,G_front_middle,S_front_inf
lh_S_precentral-sup-part,rh_G_front_sup,0.45300559454834900000,0.00000000000000032559,S_precentral-sup-part,G_front_sup
rh_G_oc-temp_med-Parahip,rh_G_orbital,0.45274805006348600000,0.00000000000000025389,G_oc-temp_med-Parahip,G_orbital
rh_G_front_inf-Opercular,rh_S_precentral-inf-part,0.45238527117721700000,0.00000000000000026813,G_front_inf-Opercular,S_precentral-inf-part
rh_G_Ins_lg_and_S_cent_ins,rh_G_oc-temp_med-Parahip,0.45238527117721700000,0.00000000000000026813,G_Ins_lg_and_S_cent_ins,G_oc-temp_med-Parahip
lh_G_temporal_middle,lh_S_oc-temp_med_and_Lingual,0.45220388173408300000,0.00000000000000027554,G_temporal_middle,S_oc-temp_med_and_Lingual
rh_G_temp_sup-G_T_transv,rh_S_circular_insula_sup,0.45184110284781400000,0.00000000000000029097,G_temp_sup-G_T_transv,S_circular_insula_sup
lh_G_rectus,rh_G_and_S_cingul-Ant,0.45165971340467900000,0.00000000000000029900,G_rectus,G_and_S_cingul-Ant
lh_S_precentral-sup-part,rh_G_and_S_cingul-Mid-Post,0.45136526047032300000,0.00000000000000041573,S_precentral-sup-part,G_and_S_cingul-Mid-Post
lh_S_postcentral,lh_S_precentral-sup-part,0.45085187194124100000,0.00000000000000046842,S_postcentral,S_precentral-sup-part
lh_G_pariet_inf-Supramar,lh_Lat_Fis-ant-Vertical,0.45031971385473900000,0.00000000000000036658,G_pariet_inf-Supramar,Lat_Fis-ant-Vertical
rh_S_occipital_ant,rh_S_oc-temp_lat,0.45020859785960400000,0.00000000000000037162,S_occipital_ant,S_oc-temp_lat
rh_G_parietal_sup,rh_S_intrapariet_and_P_trans,0.44978680939853000000,0.00000000000000040285,G_parietal_sup,S_intrapariet_and_P_trans
lh_G_precuneus,rh_S_subparietal,0.44966442953020100000,0.00000000000000040312,G_precuneus,S_subparietal
lh_G_orbital,lh_S_front_inf,0.44948304008706600000,0.00000000000000041419,G_orbital,S_front_inf
lh_G_front_inf-Triangul,lh_S_orbital-H_Shaped,0.44912026120079800000,0.00000000000000043725,G_front_inf-Triangul,S_orbital-H_Shaped
lh_Pole_occipital,lh_S_collat_transv_post,0.44896511431423200000,0.00000000000000091882,Pole_occipital,S_collat_transv_post
lh_G_parietal_sup,rh_G_precuneus,0.44891309940554300000,0.00000000000000047876,G_parietal_sup,G_precuneus
rh_G_temp_sup-Plan_tempo,rh_S_central,0.44875748231452900000,0.00000000000000046157,G_temp_sup-Plan_tempo,S_central
rh_G_front_middle,rh_S_front_middle,0.44857609287139400000,0.00000000000000047422,G_front_middle,S_front_middle
lh_S_front_sup,lh_S_orbital-H_Shaped,0.44824623534600700000,0.00000000000000051994,S_front_sup,S_orbital-H_Shaped
rh_G_temporal_inf,rh_S_collat_transv_ant,0.44821331398512600000,0.00000000000000050056,G_temporal_inf,S_collat_transv_ant
lh_G_Ins_lg_and_S_cent_ins,lh_S_temporal_transverse,0.44796154415479500000,0.00000000000000052121,G_Ins_lg_and_S_cent_ins,S_temporal_transverse
lh_Lat_Fis-ant-Horizont,lh_S_circular_insula_ant,0.44766914565572200000,0.00000000000000054280,Lat_Fis-ant-Horizont,S_circular_insula_ant
lh_G_pariet_inf-Supramar,lh_S_postcentral,0.44754047877712300000,0.00000000000000057915,G_pariet_inf-Supramar,S_postcentral
rh_G_and_S_frontomargin,rh_G_front_middle,0.44748775621258800000,0.00000000000000055765,G_and_S_frontomargin,G_front_middle
lh_G_front_inf-Opercular,lh_S_orbital_lateral,0.44730636676945400000,0.00000000000000057289,G_front_inf-Opercular,S_orbital_lateral
lh_G_and_S_subcentral,lh_G_Ins_lg_and_S_cent_ins,0.44709511049245000000,0.00000000000000059634,G_and_S_subcentral,G_Ins_lg_and_S_cent_ins
lh_G_and_S_frontomargin,lh_G_front_inf-Triangul,0.44694358788318500000,0.00000000000000060463,G_and_S_frontomargin,G_front_inf-Triangul
lh_Lat_Fis-post,lh_S_interm_prim-Jensen,0.44684236247630900000,0.00000000000000084313,Lat_Fis-post,S_interm_prim-Jensen
lh_S_orbital-H_Shaped,rh_S_suborbital,0.44658080899691600000,0.00000000000000063809,S_orbital-H_Shaped,S_suborbital
rh_G_temporal_inf,rh_Pole_temporal,0.44658080899691600000,0.00000000000000063809,G_temporal_inf,Pole_temporal
lh_G_postcentral,rh_G_and_S_paracentral,0.44653231663035500000,0.00000000000000068047,G_postcentral,G_and_S_paracentral
lh_S_collat_transv_post,lh_S_occipital_ant,0.44623407565537800000,0.00000000000000096166,S_collat_transv_post,S_occipital_ant
lh_G_orbital,lh_S_orbital_med-olfact,0.44621803011064700000,0.00000000000000067338,G_orbital,S_orbital_med-olfact
lh_G_insular_short,lh_S_oc-temp_med_and_Lingual,0.44567386178124400000,0.00000000000000072994,G_insular_short,S_oc-temp_med_and_Lingual
lh_G_temp_sup-Plan_tempo,rh_G_temporal_middle,0.44469638610871800000,0.00000000000000084599,G_temp_sup-Plan_tempo,G_temporal_middle
lh_G_oc-temp_med-Lingual,rh_Pole_occipital,0.44461524083953700000,0.00000000000000121598,G_oc-temp_med-Lingual,Pole_occipital
rh_G_postcentral,rh_S_precentral-sup-part,0.44458552512243700000,0.00000000000000085748,G_postcentral,S_precentral-sup-part
rh_G_orbital,rh_S_collat_transv_ant,0.44458552512243700000,0.00000000000000085748,G_orbital,S_collat_transv_ant
lh_G_and_S_frontomargin,rh_G_and_S_cingul-Ant,0.44404135679303400000,0.00000000000000092925,G_and_S_frontomargin,G_and_S_cingul-Ant
lh_G_and_S_occipital_inf,lh_G_oc-temp_lat-fusifor,0.44360733291863400000,0.00000000000000114953,G_and_S_occipital_inf,G_oc-temp_lat-fusifor
lh_G_and_S_frontomargin,lh_S_front_inf,0.44349718846363100000,0.00000000000000100692,G_and_S_frontomargin,S_front_inf
rh_G_front_inf-Opercular,rh_S_temporal_transverse,0.44342660242413300000,0.00000000000000102039,G_front_inf-Opercular,S_temporal_transverse
lh_S_circular_insula_inf,lh_S_oc-temp_med_and_Lingual,0.44331579902049600000,0.00000000000000103421,S_circular_insula_inf,S_oc-temp_med_and_Lingual
lh_G_temp_sup-G_T_transv,rh_G_occipital_middle,0.44324520475490700000,0.00000000000000104803,G_temp_sup-G_T_transv,G_occipital_middle
lh_S_front_inf,rh_G_and_S_cingul-Ant,0.44295302013422800000,0.00000000000000109099,S_front_inf,G_and_S_cingul-Ant
rh_S_front_inf,rh_S_front_sup,0.44259024124795900000,0.00000000000000115083,S_front_inf,S_front_sup
lh_G_rectus,lh_S_front_inf,0.44240885180482400000,0.00000000000000118196,G_rectus,S_front_inf
lh_Lat_Fis-ant-Vertical,lh_Lat_Fis-post,0.44077634681661500000,0.00000000000000150209,Lat_Fis-ant-Vertical,Lat_Fis-post
lh_S_oc_middle_and_Lunatus,rh_G_occipital_middle,0.44049042210649200000,0.00000000000000166392,S_oc_middle_and_Lunatus,G_occipital_middle
lh_G_front_inf-Orbital,lh_S_circular_insula_ant,0.44005078904407700000,0.00000000000000167048,G_front_inf-Orbital,S_circular_insula_ant
lh_S_circular_insula_inf,lh_S_temporal_sup,0.44005078904407700000,0.00000000000000167048,S_circular_insula_inf,S_temporal_sup
lh_S_front_inf,rh_G_front_sup,0.43986939960094300000,0.00000000000000171540,S_front_inf,G_front_sup
lh_S_subparietal,rh_S_subparietal,0.43965713137693300000,0.00000000000000178446,S_subparietal,S_subparietal
lh_S_calcarine,lh_S_oc_sup_and_transversal,0.43962625233347000000,0.00000000000000180749,S_calcarine,S_oc_sup_and_transversal
rh_G_pariet_inf-Angular,rh_S_temporal_sup,0.43932523127153900000,0.00000000000000185743,G_pariet_inf-Angular,S_temporal_sup
lh_G_and_S_cingul-Ant,lh_G_front_sup,0.43914384182840500000,0.00000000000000190730,G_and_S_cingul-Ant,G_front_sup
lh_G_front_inf-Opercular,lh_S_orbital-H_Shaped,0.43878106294213600000,0.00000000000000201102,G_front_inf-Opercular,S_orbital-H_Shaped
rh_G_rectus,rh_G_subcallosal,0.43878106294213600000,0.00000000000000201102,G_rectus,G_subcallosal
lh_G_and_S_occipital_inf,lh_G_oc-temp_med-Lingual,0.43833387005548900000,0.00000000000000248207,G_and_S_occipital_inf,G_oc-temp_med-Lingual
lh_G_and_S_cingul-Mid-Ant,lh_S_orbital-H_Shaped,0.43823689461273300000,0.00000000000000217711,G_and_S_cingul-Mid-Ant,S_orbital-H_Shaped
lh_G_temp_sup-Lateral,lh_S_circular_insula_inf,0.43823689461273300000,0.00000000000000217711,G_temp_sup-Lateral,S_circular_insula_inf
rh_G_and_S_subcentral,rh_S_circular_insula_sup,0.43823689461273300000,0.00000000000000217711,G_and_S_subcentral,S_circular_insula_sup
lh_G_and_S_transv_frontopol,lh_G_front_sup,0.43820091624480400000,0.00000000000000231694,G_and_S_transv_frontopol,G_front_sup
lh_S_circular_insula_sup,lh_S_orbital_lateral,0.43787411572646400000,0.00000000000000229526,S_circular_insula_sup,S_orbital_lateral
rh_G_cuneus,rh_G_oc-temp_med-Lingual,0.43769272628333000000,0.00000000000000235668,G_cuneus,G_oc-temp_med-Lingual
lh_G_pariet_inf-Supramar,lh_G_temp_sup-G_T_transv,0.43762187700888600000,0.00000000000000238779,G_pariet_inf-Supramar,G_temp_sup-G_T_transv
lh_G_oc-temp_lat-fusifor,lh_G_temp_sup-Lateral,0.43751133684019500000,0.00000000000000241973,G_oc-temp_lat-fusifor,G_temp_sup-Lateral
rh_G_pariet_inf-Angular,rh_S_interm_prim-Jensen,0.43744898653569800000,0.00000000000000248258,G_pariet_inf-Angular,S_interm_prim-Jensen
rh_G_oc-temp_lat-fusifor,rh_G_oc-temp_med-Parahip,0.43732994739706100000,0.00000000000000248443,G_oc-temp_lat-fusifor,G_oc-temp_med-Parahip
lh_S_precentral-inf-part,rh_S_intrapariet_and_P_trans,0.43722494151494900000,0.00000000000000261443,S_precentral-inf-part,S_intrapariet_and_P_trans
rh_G_and_S_occipital_inf,rh_G_postcentral,0.43699243231241700000,0.00000000000000271800,G_and_S_occipital_inf,G_postcentral
lh_G_and_S_cingul-Mid-Post,lh_S_postcentral,0.43674507310870900000,0.00000000000000293432,G_and_S_cingul-Mid-Post,S_postcentral
lh_S_circular_insula_sup,lh_S_orbital-H_Shaped,0.43660438962452300000,0.00000000000000276071,S_circular_insula_sup,S_orbital-H_Shaped
lh_G_front_middle,lh_S_suborbital,0.43660438962452300000,0.00000000000000276071,G_front_middle,S_suborbital
lh_G_insular_short,rh_G_temporal_inf,0.43660438962452300000,0.00000000000000276071,G_insular_short,G_temporal_inf
lh_G_front_middle,lh_S_postcentral,0.43644789345595300000,0.00000000000000294141,G_front_middle,S_postcentral
lh_S_collat_transv_post,rh_Pole_occipital,0.43631870812726200000,0.00000000000000546061,S_collat_transv_post,Pole_occipital
lh_G_temp_sup-Plan_polar,lh_G_temporal_middle,0.43624161073825400000,0.00000000000000290998,G_temp_sup-Plan_polar,G_temporal_middle
lh_S_front_middle,rh_G_and_S_cingul-Ant,0.43598929798584700000,0.00000000000000302686,S_front_middle,G_and_S_cingul-Ant
lh_Lat_Fis-post,rh_G_temporal_middle,0.43569744240885100000,0.00000000000000314890,Lat_Fis-post,G_temporal_middle
rh_G_pariet_inf-Supramar,rh_G_postcentral,0.43497188463631400000,0.00000000000000349774,G_pariet_inf-Supramar,G_postcentral
lh_G_and_S_cingul-Mid-Ant,lh_G_pariet_inf-Supramar,0.43490091197048800000,0.00000000000000354363,G_and_S_cingul-Mid-Ant,G_pariet_inf-Supramar
lh_G_Ins_lg_and_S_cent_ins,rh_S_occipital_ant,0.43460910575004500000,0.00000000000000368616,G_Ins_lg_and_S_cent_ins,S_occipital_ant
rh_G_temp_sup-Plan_polar,rh_S_temporal_inf,0.43460910575004500000,0.00000000000000368616,G_temp_sup-Plan_polar,S_temporal_inf
lh_G_front_sup,lh_S_front_inf,0.43442771630691000000,0.00000000000000378408,G_front_sup,S_front_inf
lh_S_collat_transv_post,lh_S_oc_middle_and_Lunatus,0.43421555907458600000,0.00000000000000556764,S_collat_transv_post,S_oc_middle_and_Lunatus
lh_G_occipital_sup,lh_Pole_occipital,0.43406771469035700000,0.00000000000000652478,G_occipital_sup,Pole_occipital
lh_S_oc_middle_and_Lunatus,rh_S_oc_sup_and_transversal,0.43386629518184600000,0.00000000000000451733,S_oc_middle_and_Lunatus,S_oc_sup_and_transversal
lh_G_and_S_frontomargin,lh_S_orbital-H_Shaped,0.43370215853437300000,0.00000000000000420203,G_and_S_frontomargin,S_orbital-H_Shaped
lh_G_subcallosal,rh_G_orbital,0.43370215853437300000,0.00000000000000420203,G_subcallosal,G_orbital
lh_S_orbital-H_Shaped,rh_G_rectus,0.43370215853437300000,0.00000000000000420203,S_orbital-H_Shaped,G_rectus
rh_G_cingul-Post-dorsal,rh_S_subparietal,0.43370215853437300000,0.00000000000000420203,G_cingul-Post-dorsal,S_subparietal
rh_G_orbital,rh_S_circular_insula_inf,0.43370215853437300000,0.00000000000000420203,G_orbital,S_circular_insula_inf
lh_G_occipital_middle,lh_S_interm_prim-Jensen,0.43349606932198000000,0.00000000000000588541,G_occipital_middle,S_interm_prim-Jensen
lh_G_oc-temp_med-Lingual,rh_G_occipital_middle,0.43254274227054400000,0.00000000000000497968,G_oc-temp_med-Lingual,G_occipital_middle
lh_G_and_S_cingul-Mid-Ant,lh_S_circular_insula_sup,0.43243243243243200000,0.00000000000000504551,G_and_S_cingul-Mid-Ant,S_circular_insula_sup
lh_G_and_S_cingul-Ant,lh_S_circular_insula_sup,0.43188826410302900000,0.00000000000000545612,G_and_S_cingul-Ant,S_circular_insula_sup
lh_G_orbital,lh_Lat_Fis-ant-Horizont,0.43188826410302900000,0.00000000000000545612,G_orbital,Lat_Fis-ant-Horizont
lh_G_oc-temp_med-Parahip,lh_S_oc-temp_lat,0.43170687465989400000,0.00000000000000560017,G_oc-temp_med-Parahip,S_oc-temp_lat
rh_G_temp_sup-Lateral,rh_S_temporal_inf,0.43098131688735700000,0.00000000000000621475,G_temp_sup-Lateral,S_temporal_inf
lh_G_pariet_inf-Supramar,rh_G_occipital_middle,0.43083900226757300000,0.00000000000000637743,G_pariet_inf-Supramar,G_occipital_middle
lh_S_interm_prim-Jensen,lh_S_oc_sup_and_transversal,0.43081855689407300000,0.00000000000000868528,S_interm_prim-Jensen,S_oc_sup_and_transversal
lh_S_circular_insula_sup,lh_S_front_sup,0.43027645308269300000,0.00000000000000715261,S_circular_insula_sup,S_front_sup
lh_Lat_Fis-post,lh_S_front_sup,0.43027645308269300000,0.00000000000000715261,Lat_Fis-post,S_front_sup
lh_S_pericallosal,rh_S_pericallosal,0.43025575911481900000,0.00000000000000689560,S_pericallosal,S_pericallosal
lh_G_and_S_subcentral,rh_G_temporal_middle,0.43022359688896100000,0.00000000000000698359,G_and_S_subcentral,G_temporal_middle
rh_S_oc-temp_lat,rh_S_temporal_inf,0.42989298022855000000,0.00000000000000726305,S_oc-temp_lat,S_temporal_inf
lh_S_precentral-inf-part,rh_G_occipital_middle,0.42965386277766100000,0.00000000000000773824,S_precentral-inf-part,G_occipital_middle
lh_Lat_Fis-ant-Horizont,lh_S_front_inf,0.42916742245601200000,0.00000000000000805670,Lat_Fis-ant-Horizont,S_front_inf
rh_S_circular_insula_inf,rh_S_temporal_sup,0.42898603301287800000,0.00000000000000826809,S_circular_insula_inf,S_temporal_sup
lh_S_calcarine,rh_G_occipital_middle,0.42855199354756200000,0.00000000000000882001,S_calcarine,G_occipital_middle
rh_G_insular_short,rh_S_circular_insula_inf,0.42844186468347500000,0.00000000000000893555,G_insular_short,S_circular_insula_inf
lh_G_temp_sup-Plan_tempo,rh_S_oc_sup_and_transversal,0.42829923328924000000,0.00000000000000950913,G_temp_sup-Plan_tempo,S_oc_sup_and_transversal
lh_G_front_middle,lh_Lat_Fis-post,0.42826047524034100000,0.00000000000000916961,G_front_middle,Lat_Fis-post
rh_G_front_inf-Triangul,rh_Lat_Fis-ant-Vertical,0.42789769635407200000,0.00000000000000965598,G_front_inf-Triangul,Lat_Fis-ant-Vertical
lh_G_and_S_cingul-Mid-Post,lh_G_front_sup,0.42773527175252700000,0.00000000000001027588,G_and_S_cingul-Mid-Post,G_front_sup
rh_G_front_inf-Orbital,rh_S_circular_insula_ant,0.42771630691093700000,0.00000000000000990859,G_front_inf-Orbital,S_circular_insula_ant
rh_G_front_middle,rh_S_precentral-sup-part,0.42753491746780300000,0.00000000000001016771,G_front_middle,S_precentral-sup-part
lh_S_calcarine,rh_S_occipital_ant,0.42717213858153400000,0.00000000000001070611,S_calcarine,S_occipital_ant
lh_G_Ins_lg_and_S_cent_ins,lh_S_circular_insula_sup,0.42699074913840000000,0.00000000000001098573,G_Ins_lg_and_S_cent_ins,S_circular_insula_sup
lh_G_temporal_inf,lh_S_temporal_sup,0.42699074913840000000,0.00000000000001098573,G_temporal_inf,S_temporal_sup
lh_G_temporal_inf,lh_S_oc-temp_med_and_Lingual,0.42699074913840000000,0.00000000000001098573,G_temporal_inf,S_oc-temp_med_and_Lingual
lh_G_postcentral,lh_S_cingul-Marginalis,0.42684698470518700000,0.00000000000001169243,G_postcentral,S_cingul-Marginalis
lh_G_front_middle,lh_G_pariet_inf-Supramar,0.42655661918607000000,0.00000000000001171565,G_front_middle,G_pariet_inf-Supramar
lh_G_temp_sup-Plan_tempo,rh_S_occipital_ant,0.42655661918607000000,0.00000000000001171565,G_temp_sup-Plan_tempo,S_occipital_ant
lh_G_and_S_cingul-Ant,rh_G_rectus,0.42644658080899600000,0.00000000000001186842,G_and_S_cingul-Ant,G_rectus
lh_Lat_Fis-ant-Vertical,lh_S_orbital_lateral,0.42626519136586200000,0.00000000000001217789,Lat_Fis-ant-Vertical,S_orbital_lateral
lh_S_orbital_med-olfact,rh_G_rectus,0.42608380192272800000,0.00000000000001249529,S_orbital_med-olfact,G_rectus
lh_S_precentral-inf-part,rh_G_pariet_inf-Angular,0.42573273594641000000,0.00000000000001347888,S_precentral-inf-part,G_pariet_inf-Angular
lh_S_circular_insula_sup,rh_S_temporal_sup,0.42535824415019000000,0.00000000000001384832,S_circular_insula_sup,S_temporal_sup
lh_S_circular_insula_inf,lh_S_temporal_transverse,0.42510543783225800000,0.00000000000001439087,S_circular_insula_inf,S_temporal_transverse
lh_S_oc_sup_and_transversal,rh_G_occipital_sup,0.42507511629024300000,0.00000000000001772414,S_oc_sup_and_transversal,G_occipital_sup
rh_G_and_S_occipital_inf,rh_G_precentral,0.42501257747020700000,0.00000000000001511510,G_and_S_occipital_inf,G_precentral
rh_G_front_inf-Triangul,rh_G_insular_short,0.42499546526392100000,0.00000000000001457790,G_front_inf-Triangul,G_insular_short
lh_Lat_Fis-ant-Horizont,lh_Lat_Fis-ant-Vertical,0.42481407582078700000,0.00000000000001495674,Lat_Fis-ant-Horizont,Lat_Fis-ant-Vertical
lh_G_precentral,rh_S_front_middle,0.42441834489636300000,0.00000000000001594202,G_precentral,S_front_middle
lh_G_front_inf-Triangul,lh_S_temporal_transverse,0.42437984715535300000,0.00000000000001594545,G_front_inf-Triangul,S_temporal_transverse
lh_G_orbital,rh_S_suborbital,0.42354434971884600000,0.00000000000001789378,G_orbital,S_suborbital
rh_S_front_middle,rh_S_front_sup,0.42354434971884600000,0.00000000000001789378,S_front_middle,S_front_sup
lh_S_oc-temp_med_and_Lingual,rh_G_and_S_occipital_inf,0.42337896090081500000,0.00000000000001903130,S_oc-temp_med_and_Lingual,G_and_S_occipital_inf